time,x,y
0.009899999999999996,99.96784259586956,2.682142227308455
0.019899999999999935,99.87434202784168,5.389758327987413
0.029899999999999875,99.72497809953911,8.094384274148828
0.039900000000000116,99.52523557771306,10.794945608454928
0.0499000000000004,99.28057387518786,13.490659136687
0.05990000000000069,98.9963946766337,16.181026944916056
0.06990000000000098,98.67800808714006,18.865827256947362
0.07990000000000126,98.33059799836559,21.545101930824305
0.08990000000000155,97.9591874616422,24.219140516473118
0.09990000000000183,97.56860492341711,26.88846093555953
0.10990000000000212,97.16345220844606,29.55378699237707
0.11990000000000241,96.7480751247576,32.21602307247741
0.129900000000002,96.32653750889672,34.87622652413738
0.1399000000000009,95.90259943094595,37.5355783368366
0.1498999999999998,95.47970014050408,40.19535282173162
0.1598999999999987,95.06094616479555,42.856887054534994
0.1698999999999976,94.64910477880254,45.521550856785325
0.1798999999999965,94.24660286706082,48.1907180659988
0.1898999999999954,93.85553100049589,50.865739780798634
0.1998999999999943,93.47765237174235,53.547920169145534
0.2098999999999932,93.1144160793277,56.23849530412903
0.2198999999999921,92.76697413273779,58.938615351945884
0.229899999999991,92.43620147124913,61.649330290841945
0.2398999999999899,92.12271825066168,64.37157919766035
0.2498999999999888,91.82691365166087,67.10618300867783
0.2598999999999877,91.5489704968861,69.85384055015389
0.2698999999999866,91.28889002445871,72.61512754573295
0.2798999999999855,91.04651624634596,75.39049824450854
0.2898999999999844,90.82155941291497,78.18028927504378
0.2998999999999833,90.6136182032962,80.98472531510834
0.3098999999999822,90.42220035858324,83.80392617125771
0.3198999999999811,90.24674156660417,86.63791488281998
0.32989999999998,90.08662248948606,89.48662649728524
0.3398999999999789,89.9411838963249,92.34991720450364
0.3498999999999778,89.80973992195517,95.22757356187826
0.3598999999999767,89.69158951901612,98.11932158882075
0.3698999999999756,89.58602620491837,101.02483555368649
0.3798999999999745,89.49234622906393,103.94374631843576
0.3898999999999734,89.40985530021213,106.87564914417604
0.3998999999999723,89.3378740207737,109.82011089386204
0.4098999999999712,89.2757421755908,112.77667659648809
0.4198999999999701,89.22282201887901,115.74487536018157
0.429899999999969,89.17850069573882,118.72422563997317
0.4398999999999679,89.14219192510683,121.71423988012197
0.44989999999996677,89.11333706010451,124.71442856122813
0.45989999999996567,89.09140563018634,127.72430368952317
0.46989999999996457,89.07589545783927,130.7433817702201
0.47989999999996347,89.06633243124944,133.77118630914973
0.48989999999996237,89.06227000361508,136.80724988755722
0.49989999999996126,89.0632884798234,139.85111585428325
0.5098999999999602,89.06899414213075,142.90233967795882
0.5198999999999591,89.07901825833518,145.96048999957995
0.529899999999958,89.0930160086953,149.0251494231289
0.5398999999999569,89.1106653615094,152.09591507896548
0.5498999999999558,89.13166592176202,155.17239899165904
0.5598999999999547,89.15573777250626,158.25422828088986
0.5698999999999536,89.18262032460868,161.34104522107307
0.5798999999999525,89.21207118706391,164.43250718254092
0.5898999999999514,89.243865067217,167.52828647445915
0.5998999999999503,89.27779270783937,170.62807010719808
0.6098999999999491,89.3136598660338,173.7315594896254
0.619899999999948,89.35128633732349,176.83847007474475
0.629899999999947,89.3905050269735,179.94853096526327
0.6398999999999458,89.4311610695382,183.06148448902502
0.6498999999999447,89.473110996793,186.17708575278405
0.6598999999999436,89.51622195355877,189.29510218150259
0.6698999999999425,89.56037096042253,192.4153130492185
0.6798999999999414,89.60544422198329,195.53750900653984
0.6898999999999403,89.65133647897792,198.66149160895284
0.6998999999999392,89.69795040244964,201.78707284938554
0.7098999999999381,89.74519602799836,204.9140746978198
0.719899999999937,89.7929902280853,208.04232865018824
0.7298999999999359,89.8412562203313,211.1716752883175
0.7398999999999348,89.88992310976104,214.3019638522737
0.7498999999999337,89.93892546297205,217.43305182612423
0.7598999999999326,89.98820291226258,220.56480453783206
0.7698999999999315,90.03769978781521,223.69709477376855
0.7798999999999304,90.08736477611023,226.8298024081132
0.7898999999999293,90.13715060282483,229.9628140472514
0.7998999999999282,90.18701373856034,233.0960226891361
0.8098999999999271,90.2369141258292,236.22932739747145
0.819899999999926,90.28681492582078,239.36263299048144
0.8298999999999249,90.33668228355319,242.4958497439565
0.8398999999999238,90.38648511010558,245.62889310821552
0.8498999999999227,90.43619488070648,248.76168343857609
0.8598999999999216,90.48578544753434,251.89414573889596
0.8698999999999205,90.53523286616544,255.026209417725
0.8798999999999194,90.5845152346713,258.15780805659324
0.8898999999999183,90.63361254444536,261.2888791899522
0.8998999999999172,90.68250654189283,264.4193640962898
0.9098999999999161,90.73118060019065,267.54920759992854
0.919899999999915,90.77961960037146,270.6783578830363
0.9298999999999139,90.82780982104659,273.8067663073821
0.9398999999999128,90.87573883612912,276.9343872453747
0.9498999999999117,90.92339541996729,280.06117791994046
0.9598999999999106,90.9707694593397,283.1870982528143
0.9698999999999095,91.01785187180857,286.3121107208161
0.9798999999999084,91.0646345299587,289.43618021972264
0.9898999999999073,91.11111019109154,292.55927393534097
0.9998999999999062,91.15727243197061,295.68136122141743
1.0098999999999052,91.20311558824899,298.8024134840259
1.019899999999904,91.24863469823329,301.92240407209977
1.029899999999903,91.29382545066836,305.04130817377876
1.039899999999902,91.33868413624761,308.159102718272
1.0498999999999008,91.38320760257724,311.2757662829338
1.0598999999998997,91.42739321234339,314.39127900528473
1.0698999999998986,91.4712388044489,317.50562249970454
1.0798999999998975,91.51474265790594,320.61877977855005
1.0898999999998964,91.55790345828272,323.73073517745905
1.0998999999998953,91.60072026652269,326.84147428461495
1.1098999999998942,91.64319248996391,329.9509838737575
1.119899999999893,91.68531985540189,333.0592518407357
1.129899999999892,91.72710238404841,336.1662671434167
1.139899999999891,91.76854036825235,339.2720197447584
1.1498999999998898,91.8096343498557,342.37650055888685
1.1598999999998887,91.85038510007044,345.4797014000089
1.1698999999998876,91.89079360076686,348.5816149340039
1.1798999999998865,91.93086102707487,351.68223463255936
1.1898999999998854,91.97058873120498,354.7815547297001
1.1998999999998843,92.00997822740406,357.87957018059586
1.2098999999998832,92.0490311779659,360.9762766225147
1.219899999999882,92.08774938022326,364.07167033780524
1.229899999999881,92.12613475445218,367.16574821881005
1.2398999999998799,92.16418933262634,370.2585077345924
1.2498999999998788,92.20191524796125,373.34994689939373
1.2598999999998777,92.23931472519487,376.44006424271413
1.2698999999998766,92.27639007155291,379.528858780942
1.2798999999998755,92.31314366835163,382.61632999044207
1.2898999999998744,92.34957796319559,385.7024777820299
1.2998999999998733,92.38569546272768,388.78730247675423
1.3098999999998722,92.42149872589528,391.87080478292455
1.319899999999871,92.45699035769587,394.95298577430896
1.32989999999987,92.4921730033712,398.03384686945026
1.3398999999998689,92.52704934301762,401.1133898120362
1.3498999999998678,92.56162208658552,404.19161665226676
1.3598999999998667,92.59589396924078,407.2685297291738
1.3698999999998656,92.62986774706464,410.3441316538341
1.3798999999998645,92.66354619306787,413.4184252934391
1.3898999999998634,92.6969320934989,416.4914137561678
1.3998999999998623,92.73002824442621,419.5631003768266
1.4098999999998612,92.76283744857548,422.63348870321624
1.41989999999986,92.79536251240552,425.70258248318646
1.429899999999859,92.82760624340595,428.7703856523425
1.4398999999998578,92.85957144760235,431.8369023223742
1.4498999999998567,92.89126092725459,434.902136769973
1.4598999999998556,92.92267747873606,437.96609342630376
1.4698999999998545,92.9538238905797,441.028776867011
1.4798999999998534,92.98470294168276,444.0901918027243
1.4898999999998523,93.01531739965637,447.15034307004476
1.4998999999998512,93.04567001931252,450.20923562298185
1.5098999999998501,93.07576354127755,453.26687452482275
1.519899999999849,93.10560069072541,456.3232649404088
1.529899999999848,93.1351841762208,459.37841212880505
1.5398999999998468,93.16451668866551,462.43232143633054
1.5498999999998457,93.19360090034174,465.48499828995074
1.5598999999998446,93.2224394640446,468.53644819099105
1.5698999999998435,93.25103501229808,471.58667670917794
1.5798999999998424,93.27939015664957,474.63568947697337
1.5898999999998413,93.30750748703613,477.68349218419985
1.5998999999998402,93.33538957121935,480.73009057293507
1.6098999999998391,93.36303895428242,483.7754904326681
1.619899999999838,93.39045815818639,486.81969759569847
1.629899999999837,93.41764968138048,489.86271793277234
1.6398999999998358,93.44461599846362,492.90455734893726
1.6498999999998347,93.47135955989309,495.94522177961414
1.6598999999998336,93.49788279173664,498.9847171868655
1.6698999999998325,93.52418809546617,502.0230495558582
1.6798999999998314,93.55027784778876,505.0602248915082
1.6898999999998303,93.5761544005131,508.09624921529735
1.6998999999998292,93.60182008044829,511.1311285622576
1.7098999999998281,93.62727718933303,514.164868978111
1.719899999999827,93.6525280037934,517.1974765165583
1.729899999999826,93.67757477532571,520.2289572367148
1.7398999999998248,93.70241973030363,523.259317200673
1.7498999999998237,93.7270650700082,526.2885624712015
1.7598999999998226,93.75151297067727,529.3166991095678
1.7698999999998215,93.77576558357477,532.3437331734714
1.7798999999998204,93.79982503507674,535.3696707150912
1.7898999999998193,93.8236934267739,538.3945177792456
1.7998999999998182,93.84737283558862,541.4182804016406
1.809899999999817,93.87086531390572,544.4409646072269
1.819899999999816,93.89417288971484,547.4625764086385
1.829899999999815,93.91729756676595,550.4831218047254
1.8398999999998138,93.94024132473236,553.502606779168
1.8498999999998127,93.9630061193865,556.5210372991704
1.8598999999998116,93.98559388278106,559.5384193142246
1.8698999999998105,94.00800652344027,562.5547587549538
1.8798999999998094,94.03024592655672,565.5700615320194
1.8898999999998083,94.05231395419516,568.5843335350968
1.8998999999998072,94.07421244550137,571.5975806319082
1.909899999999806,94.09594321691664,574.6098086673177
1.919899999999805,94.11750806239635,577.6210234624862
1.9298999999998039,94.13890875363214,580.6312308140687
1.9398999999998028,94.1601470402781,583.6404364934798
1.9498999999998017,94.1812246501794,586.648646246189
1.9598999999998006,94.20214328960378,589.6558657910778
1.9698999999997995,94.22290464347466,592.6621008198318
1.9798999999997984,94.24351037560658,595.6673569963802
1.9898999999997973,94.26396212894115,598.6716399563687
1.9998999999997962,94.28426152578525,601.6749553066796
2.009899999999817,94.30441016804902,604.6773086249808
2.019899999999838,94.32440963748418,607.6787054593109
2.0298999999998593,94.34426149592365,610.6791513277004
2.0398999999998804,94.36396728552002,613.6786517178205
2.0498999999999015,94.38352852898457,616.6772120866648
2.0598999999999226,94.40294672982513,619.674837860257
2.0698999999999437,94.42222337258367,622.6715344333838
2.0798999999999648,94.44135992307346,625.6673071693602
2.089899999999986,94.4603578286145,628.6621613998127
2.099900000000007,94.47921851826815,631.6561024244891
2.109900000000028,94.4979434030706,634.6491355110879
2.119900000000049,94.51653387626476,637.6412658951124
2.1299000000000703,94.53499131353084,640.6324987797395
2.1399000000000914,94.55331707321508,643.6228393357161
2.1499000000001125,94.57151249655703,646.6122927012606
2.1599000000001336,94.58957890791491,649.6008639819954
2.1699000000001547,94.6075176149892,652.588558250885
2.179900000000176,94.6253299090436,655.5753805481958
2.189900000000197,94.64301706512543,658.561335881468
2.199900000000218,94.66058034228266,661.5464292255022
2.209900000000239,94.67802098377945,664.530665522359
2.21990000000026,94.69534021730878,667.5140496813702
2.2299000000002813,94.71253925520456,670.4965865791627
2.2399000000003024,94.72961929464934,673.4782810596957
2.2499000000003235,94.7465815178816,676.4591379343067
2.2599000000003446,94.76342709239952,679.4391619817621
2.2699000000003657,94.78015717116307,682.418357948329
2.279900000000387,94.79677289279361,685.3967305478474
2.289900000000408,94.81327538177109,688.3742844618127
2.299900000000429,94.82966574862891,691.3510243394653
2.30990000000045,94.84594509014661,694.3269547978934
2.3199000000004713,94.86211448953988,697.3020804221361
2.3299000000004924,94.87817501664844,700.2764057652951
2.3399000000005135,94.89412772812142,703.2499353486568
2.3499000000005346,94.90997366760041,706.2226736618143
2.3599000000005557,94.92571386590038,709.1946251627995
2.3699000000005768,94.9413493411874,712.1657942782206
2.379900000000598,94.95688109915551,715.1361854033988
2.389900000000619,94.9723101331996,718.1058029025189
2.39990000000064,94.9876374245873,721.0746511087756
2.409900000000661,95.00286394262771,724.0427343245268
2.4199000000006823,95.01799064483808,727.0100568214585
2.4299000000007034,95.03301847710813,729.9766228407357
2.4399000000007245,95.04794837386281,732.9424365931768
2.4499000000007456,95.0627812582215,735.907502259415
2.4599000000007667,95.07751804215623,738.871823990072
2.469900000000788,95.09215962664658,741.8354059059319
2.479900000000809,95.10670690183336,744.7982520981136
2.48990000000083,95.1211607471698,747.7603666282516
2.499900000000851,95.13552203156992,750.7217535286765
2.509900000000872,95.14979161355609,753.6824168025928
2.5199000000008933,95.163970341403,756.6423604242716
2.5299000000009144,95.17805905328083,759.6015883392233
2.5399000000009355,95.19205857739547,762.560104464395
2.5499000000009566,95.20596973212733,765.517912688353
2.5599000000009777,95.21979332616726,768.4750168714733
2.569900000000999,95.23353015865169,771.4314208461299
2.57990000000102,95.2471810192948,774.3871284168885
2.589900000001041,95.26074668851919,777.342143360696
2.599900000001062,95.27422793758446,780.2964694270735
2.6099000000010832,95.2876255287138,783.2501103383097
2.6199000000011043,95.30094021521968,786.2030697896505
2.6299000000011254,95.31417274162555,789.1553514494987
2.6399000000011466,95.3273238437884,792.1069589596011
2.6499000000011677,95.34039424901722,795.0578959352471
2.6599000000011888,95.35338467619088,798.0081659654608
2.66990000000121,95.36629583587435,800.9577726131935
2.679900000001231,95.37912843043236,803.9067194155194
2.689900000001252,95.39188315414212,806.8550098838298
2.699900000001273,95.40456069330392,809.8026475040215
2.7099000000012943,95.41716172635044,812.7496357366973
2.7199000000013154,95.42968692395387,815.6959780173518
2.7299000000013365,95.44213694913223,818.6416777565685
2.7399000000013576,95.45451245735308,821.5867383402089
2.7499000000013787,95.46681409663674,824.5311631296021
2.7599000000014,95.47904250765725,827.474955461739
2.769900000001421,95.49119832384191,830.4181186494616
2.779900000001442,95.50328217146944,833.3606559816487
2.789900000001463,95.51529466976676,836.3025707234093
2.799900000001484,95.52723643100428,839.2438661162666
2.8099000000015053,95.53910806058931,842.1845453783468
2.8199000000015264,95.55091015715888,845.1246117045644
2.8299000000015475,95.56264331267049,848.064068266807
2.8399000000015686,95.57430811249164,851.0029182141241
2.8499000000015897,95.58590513548845,853.9411646729036
2.859900000001611,95.59743495411223,856.8788107470575
2.869900000001632,95.60889813448546,859.8158595182064
2.879900000001653,95.62029523648579,862.7523140458553
2.889900000001674,95.63162681382943,865.688177367575
2.8999000000016952,95.64289341415272,868.6234524991802
2.9099000000017163,95.65409557909321,871.5581424349085
2.9199000000017374,95.66523384436853,874.4922501475946
2.9299000000017585,95.67630873985485,877.4257785888481
2.9399000000017796,95.68732078966399,880.3587306892238
2.9499000000018007,95.6982705122195,883.2911093583982
2.959900000001822,95.70915842033087,886.2229174853398
2.969900000001843,95.71998502126755,889.15415793848
2.979900000001864,95.73075081683164,892.084833565882
2.989900000001885,95.74145630342913,895.0149471954097
2.9999000000019063,95.75210197214035,897.9445016348967
3.0099000000019274,95.76268830878928,900.8734996723101
3.0199000000019485,95.77321579401207,903.8019440759163
3.0299000000019696,95.78368490332423,906.7298375944446
3.0399000000019907,95.79409610718706,909.657182957248
3.049900000002012,95.80444987107239,912.5839828744653
3.059900000002033,95.81474665552798,915.5102400371835
3.069900000002054,95.82498691624012,918.4359571175959
3.079900000002075,95.83517110409655,921.3611367691572
3.089900000002096,95.84529966524802,924.2857816267397
3.0999000000021173,95.85537304116832,927.2098943067923
3.1099000000021384,95.86539166871492,930.1334774074919
3.1199000000021595,95.87535598018724,933.0565335088967
3.1299000000021806,95.88526640338497,935.979065173098
3.1399000000022017,95.89512336166513,938.9010749443681
3.149900000002223,95.90492727399828,941.8225653493124
3.159900000002244,95.9146785550243,944.7435388970176
3.169900000002265,95.92437761510678,947.6639980791955
3.179900000002286,95.93402486038728,950.5839453703294
3.1899000000023072,95.94362069283824,953.5033832278208
3.1999000000023283,95.95316551031524,956.4223140921293
3.2099000000023494,95.96265970660878,959.3407403869182
3.2199000000023705,95.97210367149485,962.2586645191894
3.2299000000023916,95.98149779078538,965.1760888794281
3.2399000000024127,95.99084244637741,968.0930158417384
3.249900000002434,96.00013801630166,971.0094477639826
3.259900000002455,96.00938487477046,973.9253869879153
3.269900000002476,96.01858339222547,976.840835839317
3.279900000002497,96.02773393538388,979.7557966281308
3.2899000000025183,96.03683686728446,982.6702716485951
3.2999000000025394,96.0458925473327,985.58426317937
3.3099000000025605,96.0549013313455,988.4977734836721
3.3199000000025816,96.06386357159512,991.4108048094021
3.3299000000026027,96.0727796168526,994.3233593892743
3.3399000000026238,96.08164981243065,997.2354394409393
3.349900000002645,96.09047450022528,1000.1470471671129
3.359900000002666,96.09925401875805,1003.0581847557003
3.369900000002687,96.10798870321628,1005.9688543799181
3.379900000002708,96.1166788854938,1008.8790581984185
3.3899000000027293,96.12532489423072,1011.7887983554084
3.3999000000027504,96.13392705485266,1014.6980769807718
3.4099000000027715,96.1424856896093,1017.606896190186
3.4199000000027926,96.15100111761275,1020.5152580852425
3.4299000000028137,96.15947365487496,1023.423164753563
3.439900000002835,96.16790361434478,1026.330618268914
3.449900000002856,96.17629130594467,1029.2376206913211
3.459900000002877,96.18463703660652,1032.1441740671903
3.469900000002898,96.19294111030757,1035.050280429408
3.479900000002919,96.20120382810505,1037.955941797463
3.4899000000029403,96.2094254881709,1040.861160177553
3.4999000000029614,96.217606385826,1043.7659375626947
3.5099000000029825,96.22574681357355,1046.6702759328318
3.5199000000030036,96.23384706113208,1049.574177254944
3.5299000000030247,96.24190741546866,1052.4776434831554
3.539900000003046,96.24992816083099,1055.3806765588363
3.549900000003067,96.2579095787786,1058.2832784107118
3.559900000003088,96.26585194821521,1061.1854509549607
3.569900000003109,96.27375554541882,1064.0871960953234
3.5799000000031302,96.28162064407233,1066.9885157232038
3.5899000000031513,96.28944751529419,1069.889411717764
3.5999000000031725,96.29723642766736,1072.7898859460302
3.6099000000031936,96.30498764726934,1075.6899402629929
3.6199000000032147,96.3127014377003,1078.5895765116977
3.6299000000032358,96.32037806011205,1081.488796523352
3.639900000003257,96.32801777323603,1084.3876021174135
3.649900000003278,96.33562083341087,1087.285995101691
3.659900000003299,96.34318749461013,1090.183977272437
3.66990000000332,96.350718008469,1093.081550414443
3.6799000000033413,96.35821262431071,1095.978716301127
3.6899000000033624,96.36567158917322,1098.8754766946338
3.6999000000033835,96.37309514783492,1101.7718333459184
3.7099000000034046,96.38048354284015,1104.667787994842
3.7199000000034257,96.38783701452475,1107.563342370259
3.729900000003447,96.39515580104039,1110.4584981901062
3.739900000003468,96.40244013837979,1113.3532571614899
3.749900000003489,96.40969026040034,1116.2476209807774
3.75990000000351,96.41690639884831,1119.1415913336746
3.769900000003531,96.42408878338254,1122.0351698953175
3.7799000000035523,96.43123764159716,1124.928358330358
3.7899000000035734,96.43835319904561,1127.8211582930453
3.7999000000035945,96.44543567926239,1130.7135714273068
3.8099000000036156,96.45248530378589,1133.6055993668328
3.8199000000036367,96.45950229218018,1136.4972437351594
3.829900000003658,96.46648686205712,1139.3885061457506
3.839900000003679,96.47343922909769,1142.279388202073
3.8499000000037,96.48035960707313,1145.1698914976798
3.859900000003721,96.48724820786629,1148.060017616287
3.8699000000037422,96.49410524149191,1150.9497681318503
3.8799000000037633,96.5009309161171,1153.8391446086455
3.8899000000037844,96.50772543808175,1156.7281486013437
3.8999000000038055,96.51448901191813,1159.616781655087
3.9099000000038266,96.52122184037064,1162.505045305563
3.9199000000038478,96.52792412441507,1165.3929410790765
3.929900000003869,96.5345960632783,1168.2804704926316
3.93990000000389,96.54123785445624,1171.167635053995
3.949900000003911,96.54784969373324,1174.0544362617738
3.959900000003932,96.55443177520057,1176.9408756054884
3.9699000000039533,96.5609842912737,1179.8269545656403
3.9799000000039744,96.5675074327111,1182.7126746137772
3.9899000000039955,96.5740013886318,1185.5980372125773
3.9999000000040166,96.5804663465326,1188.4830438159051
4.009900000003993,96.58690249230573,1191.3676958688857
4.01990000000397,96.59331001025531,1194.2519948079712
4.029900000003947,96.59968908311494,1197.1359420610092
4.039900000003923,96.60603989206383,1200.0195390473066
4.0499000000039,96.6123626167434,1202.9027871776987
4.059900000003877,96.61865743527336,1205.7856878546108
4.069900000003853,96.6249245242679,1208.6682424721303
4.07990000000383,96.63116405885108,1211.550452416063
4.089900000003807,96.6373762126733,1214.4323190639989
4.0999000000037835,96.64356115792611,1217.313843785378
4.10990000000376,96.64971906535712,1220.1950279415487
4.119900000003737,96.65585010428563,1223.0758728858343
4.129900000003714,96.66195444261739,1225.9563799635873
4.13990000000369,96.66803224685916,1228.83655051226
4.149900000003667,96.6740836821331,1231.7163858614563
4.159900000003644,96.68010891219143,1234.595887332995
4.16990000000362,96.68610809943019,1237.4750562409686
4.179900000003597,96.69208140490316,1240.353893891803
4.189900000003574,96.69802898833625,1243.2324015843074
4.1999000000035505,96.70395100814035,1246.1105806097476
4.209900000003527,96.70984762142535,1248.988432251887
4.219900000003504,96.71571898401331,1251.8659577870576
4.2299000000034805,96.7215652504512,1254.743158484201
4.239900000003457,96.72738657402456,1257.620035604934
4.249900000003434,96.73318310676974,1260.496590403605
4.259900000003411,96.73895499948688,1263.3728241273416
4.269900000003387,96.74470240175218,1266.2487380161035
4.279900000003364,96.75042546193058,1269.1243333027473
4.289900000003341,96.75612432718764,1271.999611213067
4.299900000003317,96.76179914350176,1274.874572965856
4.309900000003294,96.76745005567608,1277.7492197729491
4.319900000003271,96.77307720735038,1280.623552839287
4.3299000000032475,96.77868074101258,1283.4975733629556
4.339900000003224,96.78426079801007,1286.371282535244
4.349900000003201,96.7898175185615,1289.2446815406943
4.359900000003178,96.79535104176773,1292.1177715571448
4.369900000003154,96.80086150562279,1294.9905537557893
4.379900000003131,96.8063490470252,1297.8630293012177
4.389900000003108,96.81181380178857,1300.7351993514703
4.399900000003084,96.8172559046524,1303.6070650580837
4.409900000003061,96.8226754892925,1306.4786275661347
4.419900000003038,96.82807268833196,1309.349888014294
4.429900000003014,96.83344763335053,1312.2208475348687
4.439900000002991,96.83880045489565,1315.0915072538494
4.449900000002968,96.84413128249231,1317.96186829096
4.4599000000029445,96.84944024465295,1320.8319317596993
4.469900000002921,96.85472746888765,1323.7016987673828
4.479900000002898,96.8599930817133,1326.5711704152002
4.489900000002875,96.86523720866359,1329.4403477982405
4.499900000002851,96.87045997429843,1332.3092320055569
4.509900000002828,96.8756615022137,1335.1778241201946
4.519900000002805,96.88084191504997,1338.0461252192445
4.529900000002781,96.88600133450203,1340.9141363738754
4.539900000002758,96.8911398813282,1343.781858649386
4.549900000002735,96.89625767535878,1346.6492931052492
4.5599000000027115,96.90135483550536,1349.5164407951386
4.569900000002688,96.9064314797695,1352.3833027669853
4.579900000002665,96.91148772525122,1355.2498800630126
4.5899000000026415,96.91652368815784,1358.116173719777
4.599900000002618,96.92153948381247,1360.982184768208
4.609900000002595,96.92653522666212,1363.8479142336535
4.619900000002572,96.93151103028637,1366.7133631359084
4.629900000002548,96.93646700740517,1369.5785324892659
4.639900000002525,96.94140326988736,1372.4434233025463
4.649900000002502,96.94631992875819,1375.3080365791466
4.659900000002478,96.95121709420789,1378.1723733170677
4.669900000002455,96.95609487559904,1381.0364345089597
4.679900000002432,96.96095338147425,1383.9002211421578
4.6899000000024085,96.9657927195643,1386.763734198717
4.699900000002385,96.97061299679531,1389.6269746554499
4.709900000002362,96.97541431929636,1392.489943483971
4.719900000002339,96.98019679240704,1395.3526416507243
4.729900000002315,96.98496052068452,1398.2150701170146
4.739900000002292,96.98970560791082,1401.07722983906
4.749900000002269,96.99443215710014,1403.9391217680136
4.759900000002245,96.99914027050612,1406.8007468500045
4.769900000002222,97.00383004962848,1409.6621060261696
4.779900000002199,97.00850159521993,1412.523200232691
4.789900000002175,97.01315500729345,1415.3840304008281
4.799900000002152,97.01779038512869,1418.2445974569514
4.809900000002129,97.02240782727901,1421.104902322581
4.8199000000021055,97.02700743157736,1423.964945914416
4.829900000002082,97.03158929514402,1426.8247291443622
4.839900000002059,97.03615351439207,1429.684252919578
4.849900000002036,97.04070018503445,1432.5435181424953
4.859900000002012,97.0452294020899,1435.4025257108565
4.869900000001989,97.04974125988943,1438.2612765177498
4.879900000001966,97.05423585208268,1441.119771451634
4.889900000001942,97.05871327164355,1443.9780113963764
4.899900000001919,97.06317361087702,1446.8359972312776
4.909900000001896,97.06761696142446,1449.6937298311095
4.919900000001872,97.07204341427015,1452.5512100661406
4.929900000001849,97.07645305974658,1455.4084388021697
4.939900000001826,97.0808459875411,1458.2654169005532
4.9499000000018025,97.08522228670094,1461.1221452182374
4.959900000001779,97.08958204563888,1463.978624607794
4.969900000001756,97.09392535213966,1466.8348559174328
4.979900000001733,97.09825229336472,1469.6908399910458
4.989900000001709,97.10256295585823,1472.5465776682342
4.999900000001686,97.10685742555236,1475.402069784332
5.009900000001663,97.11113578777267,1478.2573171704412
5.019900000001639,97.11539812724362,1481.112320653451
5.029900000001616,97.11964452809362,1483.9670810560758
5.039900000001593,97.12387507386059,1486.8215991968739
5.0499000000015695,97.12808984749654,1489.6758758902834
5.059900000001546,97.13228893137358,1492.5299119466424
5.069900000001523,97.13647240728828,1495.3837081722208
5.0799000000014995,97.14064035646699,1498.2372653692505
5.089900000001476,97.1447928595704,1501.0905843359405
5.099900000001453,97.14892999669931,1503.9436658665147
5.10990000000143,97.15305184739867,1506.7965107512325
5.119900000001406,97.15715849066285,1509.6491197764167
5.129900000001383,97.16125000494016,1512.50149372448
5.13990000000136,97.1653264681376,1515.3536333739482
5.149900000001336,97.16938795762574,1518.205539499487
5.159900000001313,97.17343455024307,1521.0572128719307
5.16990000000129,97.17746632230077,1523.9086542582995
5.1799000000012665,97.18148334958686,1526.759864421833
5.189900000001243,97.18548570737146,1529.6108441220078
5.19990000000122,97.18947347041039,1532.4615941145648
5.209900000001197,97.19344671294999,1535.3121151515352
5.219900000001173,97.19740550873134,1538.1624079812616
5.22990000000115,97.20134993099451,1541.012473348424
5.239900000001127,97.20528005248302,1543.8623119940607
5.249900000001103,97.20919594544789,1546.7119246555983
5.25990000000108,97.21309768165175,1549.5613120668643
5.269900000001057,97.21698533237287,1552.4104749581215
5.279900000001033,97.22085896840986,1555.2594140560846
5.28990000000101,97.22471866008506,1558.1081300839414
5.299900000000987,97.22856447724857,1560.9566237613817
5.3099000000009635,97.23239648928255,1563.8048958046134
5.31990000000094,97.23621476510502,1566.6529469263867
5.329900000000917,97.24001937317367,1569.5007778360225
5.339900000000894,97.24381038148968,1572.3483892394229
5.34990000000087,97.24758785760167,1575.1957818391004
5.359900000000847,97.25135186860938,1578.042956334197
5.369900000000824,97.25510248116733,1580.889913420509
5.3799000000008,97.25883976148849,1583.7366537905043
5.389900000000777,97.26256377534833,1586.5831781333457
5.399900000000754,97.26627458808777,1589.4294871349036
5.4099000000007305,97.26997226461738,1592.275581477795
5.419900000000707,97.27365686942066,1595.1214618413844
5.429900000000684,97.27732846655746,1597.9671289018181
5.4399000000006605,97.2809871196676,1600.8125833320362
5.449900000000637,97.28463289197431,1603.6578258017942
5.459900000000614,97.28826584628763,1606.502856977687
5.469900000000591,97.29188604500777,1609.3476775231657
5.479900000000567,97.29549355012846,1612.1922880985549
5.489900000000544,97.29908842324016,1615.0366893610783
5.499900000000521,97.30267072553355,1617.8808819648693
5.509900000000497,97.30624051780259,1620.7248665610002
5.519900000000474,97.30979786044782,1623.5686437974946
5.529900000000451,97.31334281347965,1626.412214319346
5.5399000000004275,97.31687543652123,1629.2555787685412
5.549900000000404,97.32039578881168,1632.0987377840759
5.559900000000381,97.32390392920937,1634.9416920019717
5.569900000000358,97.32739991619499,1637.7844420552976
5.579900000000334,97.33088380787419,1640.6269885741872
5.589900000000311,97.33435566198094,1643.469332185852
5.599900000000288,97.33781553588035,1646.3114735146098
5.609900000000264,97.34126348657185,1649.1534131818942
5.619900000000241,97.34469957069176,1651.9951518062694
5.629900000000218,97.34812384451641,1654.8366900034584
5.639900000000194,97.35153636396497,1657.6780283863518
5.649900000000171,97.35493718460235,1660.5191675650296
5.659900000000148,97.35832636164159,1663.3601081467737
5.6699000000001245,97.36170394994724,1666.2008507360863
5.679900000000101,97.36507000403785,1669.0413959347131
5.689900000000078,97.36842457808874,1671.8817443416517
5.699900000000055,97.37176772593435,1674.7218965531717
5.709900000000031,97.3750995010715,1677.5618531628313
5.719900000000008,97.37841995666187,1680.4016147614952
5.729899999999985,97.38172914553428,1683.2411819373447
5.739899999999961,97.38502712018759,1686.0805552758982
5.749899999999938,97.38831393279335,1688.9197353600298
5.759899999999915,97.39158963519817,1691.7587227699823
5.7698999999998914,97.39485427892635,1694.597518083382
5.779899999999868,97.39810791518221,1697.4361218752554
5.789899999999845,97.40135059485307,1700.2745347180407
5.7998999999998215,97.40458236851103,1703.112757181615
5.809899999999798,97.40780328641573,1705.950789833296
5.819899999999775,97.41101339851721,1708.7886332378625
5.829899999999752,97.41421275445737,1711.6262879575725
5.839899999999728,97.41740140357291,1714.4637545521741
5.849899999999705,97.42057939489794,1717.3010335789231
5.859899999999682,97.42374677716577,1720.1381255925949
5.869899999999658,97.42690359881122,1722.9750311454995
5.879899999999635,97.43004990797348,1725.8117507875024
5.889899999999612,97.4331857524977,1728.6482850660273
5.8998999999995885,97.43631117993786,1731.4846345260771
5.909899999999565,97.43942623755837,1734.3207997102554
5.919899999999542,97.44253097233673,1737.1567811587656
5.929899999999519,97.4456254309654,1739.992579409434
5.939899999999495,97.44870965985413,1742.8281949977227
5.949899999999472,97.45178370513233,1745.663628456745
5.959899999999449,97.45484761265075,1748.498880317271
5.969899999999425,97.45790142798374,1751.3339511077515
5.979899999999402,97.46094519643151,1754.168841354325
5.989899999999379,97.463978963022,1757.0035515808383
5.999899999999355,97.46700277251293,1759.8380823088482
6.009899999999332,97.47001666939414,1762.6724340576432
6.019899999999309,97.47302069788897,1765.506607344254
6.0298999999992855,97.476014901957,1768.3406026834703
6.039899999999262,97.47899932529532,1771.174420587847
6.049899999999239,97.4819740113409,1774.008061567721
6.059899999999216,97.48493900327287,1776.8415261312264
6.069899999999192,97.4878943440135,1779.6748147843011
6.079899999999169,97.49084007623073,1782.5079280307039
6.089899999999146,97.49377624234026,1785.3408663720247
6.099899999999122,97.49670288450676,1788.1736303077028
6.109899999999099,97.49962004464629,1791.0062203350262
6.119899999999076,97.50252776442788,1793.838636949155
6.129899999999052,97.50542608527526,1796.670880643132
6.139899999999029,97.50831504836914,1799.5029519078935
6.149899999999006,97.51119469464851,1802.3348512322798
6.1598999999989825,97.51406506481234,1805.166579103045
6.169899999998959,97.51692619932184,1807.9981360048787
6.179899999998936,97.5197781384019,1810.8295224204035
6.189899999998913,97.52262092204279,1813.6607388301995
6.199899999998889,97.52545459000186,1816.491785712809
6.209899999998866,97.52827918180569,1819.322663544747
6.219899999998843,97.53109473675086,1822.153372800521
6.229899999998819,97.53390129390645,1824.9839139526293
6.239899999998796,97.53669889211531,1827.8142874715832
6.249899999998773,97.53948756999574,1830.6444938259147
6.2598999999987495,97.54226736594345,1833.4745334821823
6.269899999998726,97.54503831813248,1836.3044069049881
6.279899999998703,97.54780046451738,1839.1341145569943
6.2898999999986795,97.55055384283472,1841.963656898919
6.299899999998656,97.55329849060422,1844.7930343895591
6.309899999998633,97.55603444513092,1847.6222474857964
6.31989999999861,97.55876174350645,1850.4512966426073
6.329899999998586,97.56148042261053,1853.2801823130737
6.339899999998563,97.5641905191122,1856.1089049483978
6.34989999999854,97.56689206947178,1858.9374649979077
6.359899999998516,97.56958510994237,1861.7658629090704
6.369899999998493,97.57226967657111,1864.5940991274995
6.37989999999847,97.57494580520049,1867.422174096967
6.3898999999984465,97.57761353147015,1870.250088259415
6.399899999998423,97.58027289081825,1873.0778420549634
6.4098999999984,97.5829239184826,1875.9054359219194
6.419899999998377,97.5855666495026,1878.7328702967868
6.429899999998353,97.58820111871998,1881.5601456142833
6.43989999999833,97.59082736078082,1884.38726230734
6.449899999998307,97.59344541013661,1887.214220807114
6.459899999998283,97.5960553010455,1890.0410215430068
6.46989999999826,97.5986570675741,1892.8676649426595
6.479899999998237,97.6012507435984,1895.694151431974
6.489899999998213,97.60383636280524,1898.5204814351148
6.49989999999819,97.60641395869352,1901.3466553745266
6.509899999998167,97.60898356457595,1904.1726736709327
6.5198999999981435,97.61154521357992,1906.9985367433565
6.52989999999812,97.61409893864882,1909.8242450091172
6.539899999998097,97.61664477254328,1912.6497988838548
6.549899999998074,97.61918274784281,1915.4751987815248
6.55989999999805,97.62171289694686,1918.30044511441
6.569899999998027,97.6242352520757,1921.1255382931413
6.579899999998004,97.6267498452723,1923.9504787266933
6.58989999999798,97.62925670840302,1926.7752668223943
6.599899999997957,97.6317558731592,1929.5999029859406
6.609899999997934,97.634247371058,1932.424387621409
6.6198999999979105,97.63673123344383,1935.248721131251
6.629899999997887,97.6392074914897,1938.0729039163136
6.639899999997864,97.64167617619817,1940.8969363758451
6.6498999999978405,97.64413731840234,1943.7208189074997
6.659899999997817,97.64659094876731,1946.5445519073528
6.669899999997794,97.64903709779136,1949.3681357699036
6.679899999997771,97.65147579580679,1952.191570888083
6.689899999997747,97.65390707298144,1955.0148576532656
6.699899999997724,97.65633095931928,1957.8379964552767
6.709899999997701,97.65874748466216,1960.6609876824
6.719899999997677,97.66115667869022,1963.483831721389
6.729899999997654,97.66355857092384,1966.30652895747
6.739899999997631,97.66595319072371,1969.1290797743484
6.7498999999976075,97.66834056729272,1971.9514845542255
6.759899999997584,97.67072072967672,1974.7737436777984
6.769899999997561,97.67309370676547,1977.5958575242719
6.779899999997538,97.67545952729367,1980.417826471366
6.789899999997514,97.67781821984266,1983.2396508953193
6.799899999997491,97.68016981284046,1986.0613311709033
6.809899999997468,97.68251433456355,1988.8828676714256
6.819899999997444,97.68485181313717,1991.7042607687417
6.829899999997421,97.68718227653741,1994.525510833256
6.839899999997398,97.68950575259096,1997.3466182339323
6.849899999997374,97.69182226897705,2000.1675833383072
6.859899999997351,97.69413185322784,2002.9884065124863
6.869899999997328,97.69643453272988,2005.8090881211601
6.8798999999973045,97.69873033472462,2008.6296285276087
6.889899999997281,97.70101928630973,2011.4500280937098
6.899899999997258,97.70330141443996,2014.270287179945
6.909899999997235,97.70557674592791,2017.0904061454046
6.919899999997211,97.707845307445,2019.9103853478002
6.929899999997188,97.71010712552264,2022.7302251434671
6.939899999997165,97.71236222655294,2025.5499258873747
6.949899999997141,97.71461063678987,2028.3694879331306
6.959899999997118,97.71685238234971,2031.1889116329885
6.969899999997095,97.71908748921228,2034.0081973378585
6.9798999999970714,97.72131598322193,2036.8273453973038
6.989899999997048,97.72353789008835,2039.6463561595629
6.999899999997025,97.72575323538697,2042.465229971543
7.0098999999970015,97.72796204456061,2045.2839671788352
7.019899999996978,97.73016434291995,2048.102568125713
7.029899999996955,97.7323601556442,2050.921033155148
7.039899999996932,97.73454950778243,2053.739362608812
7.049899999996908,97.73673242425399,2056.5575568270797
7.059899999996885,97.7389089298495,2059.375616149041
7.069899999996862,97.74107904923186,2062.19354091251
7.079899999996838,97.74324280693651,2065.0113314540195
7.089899999996815,97.74540022737331,2067.8289881088476
7.099899999996792,97.74755133482621,2070.646511210996
7.1098999999967685,97.74969615345464,2073.4639010932196
7.119899999996745,97.75183470729435,2076.2811580870284
7.129899999996722,97.75396702025775,2079.0982825226833
7.1398999999966986,97.75609311613543,2081.915274729215
7.149899999996675,97.75821301859636,2084.732135034425
7.159899999996652,97.76032675118866,2087.548863764885
7.169899999996629,97.7624343373408,2090.365461245951
7.179899999996605,97.76453580036201,2093.181927801776
7.189899999996582,97.76663116344317,2095.998263755298
7.199899999996559,97.76872044965761,2098.81446942826
7.209899999996535,97.77080368196151,2101.630545141209
7.219899999996512,97.77288088319527,2104.4464912135036
7.229899999996489,97.77495207608368,2107.262307963331
7.2398999999964655,97.77701728323694,2110.0779957076857
7.249899999996442,97.77907652715128,2112.8935547624033
7.259899999996419,97.78112983020964,2115.70898544215
7.269899999996396,97.78317721468258,2118.5242880604433
7.279899999996372,97.7852187027288,2121.339462929633
7.289899999996349,97.78725431639577,2124.1545103609305
7.299899999996326,97.78928407762095,2126.9694306644064
7.309899999996302,97.79130800823171,2129.784224148989
7.319899999996279,97.79332612994652,2132.5988911224845
7.329899999996256,97.79533846437549,2135.413431891564
7.339899999996232,97.79734503302122,2138.2278467617894
7.349899999996209,97.79934585727902,2141.042136037601
7.359899999996186,97.80134095843817,2143.8563000223385
7.3698999999961625,97.80333035768223,2146.670339018227
7.379899999996139,97.80531407608957,2149.4842533263986
7.389899999996116,97.80729213463447,2152.298043246901
7.399899999996093,97.80926455418746,2155.11170907868
7.409899999996069,97.8112313555157,2157.92525111961
7.419899999996046,97.8131925592844,2160.738669666484
7.429899999996023,97.81514818605665,2163.5519650150227
7.439899999995999,97.81709825629447,2166.365137459885
7.449899999995976,97.8190427903593,2169.178187294666
7.459899999995953,97.8209818085127,2171.9911148118995
7.4698999999959295,97.82291533091714,2174.8039203030744
7.479899999995906,97.82484337763609,2177.616604058629
7.489899999995883,97.82676596863499,2180.429166367964
7.4998999999958595,97.82868312378174,2183.241607519444
7.509899999995836,97.83059486284775,2186.053927800402
7.519899999995813,97.83250120550763,2188.866127497145
7.52989999999579,97.83440217134032,2191.6782068949537
7.539899999995766,97.83629777983015,2194.4901662781003
7.549899999995743,97.8381880503661,2197.3020059298346
7.55989999999572,97.8400730022439,2200.113726132406
7.569899999995696,97.8419526546655,2202.925327167064
7.579899999995673,97.84382702674,2205.736809314057
7.58989999999565,97.8456961374845,2208.548172852642
7.5998999999956265,97.84756000582419,2211.3594180610894
7.609899999995603,97.84941865059304,2214.17054521668
7.61989999999558,97.8512720905345,2216.981554595723
7.629899999995557,97.85312034430187,2219.7924464735484
7.639899999995533,97.85496343045914,2222.6032211245174
7.64989999999551,97.85680136748105,2225.4138788220303
7.659899999995487,97.85863417375407,2228.2244198385233
7.669899999995463,97.86046186757673,2231.034844445477
7.67989999999544,97.8622844671599,2233.8451529134254
7.689899999995417,97.86410199062799,2236.6553455119447
7.699899999995393,97.86591445601883,2239.46542250968
7.70989999999537,97.86772188128445,2242.2753841743297
7.719899999995347,97.86952428429169,2245.0852307726605
7.7298999999953235,97.87132168282226,2247.894962570514
7.7398999999953,97.87311409457385,2250.7045798328018
7.749899999995277,97.87490153716034,2253.5140828235153
7.759899999995254,97.87668402811191,2256.3234718057297
7.76989999999523,97.87846158487639,2259.1327470416127
7.779899999995207,97.8802342248191,2261.94190879241
7.789899999995184,97.88200196522352,2264.7509573184834
7.79989999999516,97.88376482329177,2267.559892879279
7.809899999995137,97.885522816145,2270.3687157333497
7.819899999995114,97.88727596082428,2273.177426138361
7.8298999999950905,97.88902427429034,2275.986024351089
7.839899999995067,97.89076777342453,2278.794510627427
7.849899999995044,97.89250647502962,2281.6028852223894
7.8598999999950205,97.89424039582919,2284.411148390118
7.869899999994997,97.89596955246932,2287.2193003838756
7.879899999994974,97.8976939615182,2290.027341456064
7.889899999994951,97.8994136394669,2292.8352718582155
7.899899999994927,97.9011286027299,2295.6430918410138
7.909899999994904,97.90283886764524,2298.450801654278
7.919899999994881,97.90454445047536,2301.2584015469783
7.929899999994857,97.9062453674069,2304.065891767232
7.939899999994834,97.90794163455199,2306.8732725623263
7.949899999994811,97.90963326794832,2309.680544178696
7.9598999999947875,97.911320283559,2312.48770686194
7.969899999994764,97.91300269727402,2315.2947608568356
7.979899999994741,97.91468052490971,2318.1017064073185
7.989899999994718,97.91635378220992,2320.908543756505
7.999899999994694,97.91802248484612,2323.715273146695
8.009899999994671,97.91968664841748,2326.5218948193633
8.019899999994648,97.92134628845217,2329.3284090151765
8.029899999994624,97.92300142040678,2332.134815973984
8.039899999994601,97.92465205966728,2334.9411159348347
8.049899999994578,97.92629822154937,2337.7473091359734
8.059899999994554,97.92793992129906,2340.553395814842
8.069899999994531,97.92957717409254,2343.3593762080923
8.079899999994508,97.93120999503681,2346.1652505515854
8.089899999994485,97.93283839917031,2348.971019080387
8.099899999994461,97.93446240146336,2351.77668202878
8.109899999994438,97.93608201681776,2354.582239630262
8.119899999994415,97.9376972600683,2357.3876921175656
8.129899999994391,97.93930814598244,2360.1930397226315
8.139899999994368,97.94091468926081,2362.9982826766413
8.149899999994345,97.94251690453763,2365.8034212100006
8.159899999994321,97.94411480638085,2368.608455552362
8.169899999994298,97.94570840929312,2371.413385932606
8.179899999994275,97.94729772771176,2374.2182125788618
8.189899999994251,97.9488827760089,2377.022935718502
8.199899999994228,97.95046356849227,2379.827555578145
8.209899999994205,97.95204011940561,2382.632072383666
8.219899999994182,97.95361244292835,2385.436486360195
8.229899999994158,97.95518055317683,2388.2407977321204
8.239899999994135,97.95674446420419,2391.0450067230895
8.249899999994112,97.9583041900008,2393.8491135560294
8.259899999994088,97.95985974449462,2396.6531184531136
8.269899999994065,97.96141114155141,2399.457021635801
8.279899999994042,97.96295839497535,2402.2608233248243
8.289899999994018,97.96450151850918,2405.0645237401945
8.299899999993995,97.96604052583454,2407.8681231011983
8.309899999993972,97.96757543057247,2410.6716216264135
8.319899999993948,97.96910624628379,2413.475019533704
8.329899999993925,97.97063298646923,2416.27831704022
8.339899999993902,97.97215566456967,2419.0815143624113
8.349899999993879,97.97367429396668,2421.8846117160224
8.359899999993855,97.97518888798284,2424.687609316097
8.369899999993832,97.97669945988213,2427.4905073769837
8.379899999993809,97.97820602287008,2430.2933061123335
8.389899999993785,97.97970859009412,2433.096005735105
8.399899999993762,97.98120717464384,2435.898606457576
8.409899999993739,97.98270178955161,2438.701108491332
8.419899999993715,97.9841924477926,2441.503512047287
8.429899999993692,97.9856791622853,2444.30581733566
8.439899999993669,97.9871619458916,2447.108024566003
8.449899999993645,97.98864081141723,2449.9101339471913
8.459899999993622,97.99011577161218,2452.712145687438
8.469899999993599,97.99158683917067,2455.514059994279
8.479899999993576,97.99305402673183,2458.31587707459
8.489899999993552,97.99451734687989,2461.1175971345833
8.499899999993529,97.99597681214439,2463.9192203798093
8.509899999993506,97.99743243500028,2466.7207470151666
8.519899999993482,97.9988842278688,2469.5221772448963
8.529899999993459,98.00033220311717,2472.3235112725947
8.539899999993436,98.00177637305917,2475.124749301205
8.549899999993412,98.00321674995564,2477.925891533026
8.55989999999339,98.00465334601414,2480.7269381697192
8.569899999993366,98.00608617338992,2483.5278894122957
8.579899999993343,98.00751524418584,2486.328745461137
8.58989999999332,98.00894057045265,2489.129506515989
8.599899999993296,98.0103621641895,2491.9301727759707
8.609899999993273,98.01178003734378,2494.7307444395597
8.61989999999325,98.01319420181194,2497.5312217046194
8.629899999993226,98.01460466943925,2500.331604768383
8.639899999993203,98.01601145202059,2503.131893827468
8.64989999999318,98.01741456130017,2505.932089077871
8.659899999993156,98.01881400897231,2508.732190714964
8.669899999993133,98.02020980668128,2511.5321989335166
8.67989999999311,98.02160196602215,2514.3321139276873
8.689899999993086,98.02299049854007,2517.131935891024
8.699899999993063,98.0243754157318,2519.9316650164646
8.70989999999304,98.02575672904487,2522.731301496348
8.719899999993016,98.02713444987818,2525.5308455224163
8.729899999992993,98.02850858958301,2528.330297285806
8.73989999999297,98.02987915946187,2531.1296569770607
8.749899999992946,98.03124617076982,2533.928924786137
8.759899999992923,98.03260963471439,2536.7281009023936
8.7698999999929,98.03396956245582,2539.527185514602
8.779899999992876,98.0353259651074,2542.3261788109508
8.789899999992853,98.03667885373565,2545.12508097904
8.79989999999283,98.03802823936056,2547.923892205897
8.809899999992806,98.03937413295576,2550.7226126779624
8.819899999992783,98.04071654544906,2553.521242581101
8.82989999999276,98.04205548772231,2556.319782100615
8.839899999992737,98.0433909706118,2559.1182314212215
8.849899999992713,98.04472300490855,2561.9165907270744
8.85989999999269,98.04605160135856,2564.714860201764
8.869899999992667,98.0473767706629,2567.513040028313
8.879899999992643,98.04869852347832,2570.3111303891797
8.88989999999262,98.05001687041668,2573.1091314662694
8.899899999992597,98.05133182204618,2575.9070434409214
8.909899999992573,98.05264338889098,2578.7048664939252
8.91989999999255,98.05395158143149,2581.5026008055183
8.929899999992527,98.05525641010473,2584.300246555384
8.939899999992504,98.05655788530454,2587.097803922663
8.94989999999248,98.05785601738162,2589.8952730859387
8.959899999992457,98.05915081664413,2592.6926542232613
8.969899999992434,98.0604422933573,2595.4899475121324
8.97989999999241,98.06173045774436,2598.287153129523
8.989899999992387,98.06301531998636,2601.0842712518597
8.999899999992364,98.06429689022218,2603.881302055032
9.00989999999234,98.06557517854951,2606.678245714405
9.019899999992317,98.06685019502424,2609.475102404801
9.029899999992294,98.06812194966105,2612.2718723005273
9.03989999999227,98.06939045243364,2615.0685555753557
9.049899999992247,98.07065571327473,2617.8651524025313
9.059899999992224,98.07191774207668,2620.6616629547884
9.0698999999922,98.0731765486912,2623.4580874043236
9.079899999992177,98.07443214292991,2626.254425922831
9.089899999992154,98.07568453456443,2629.0506786814867
9.09989999999213,98.07693373332656,2631.8468458509487
9.109899999992107,98.07817974890843,2634.6429276013605
9.119899999992084,98.07942259096292,2637.4389241023614
9.12989999999206,98.08066226910354,2640.2348355230815
9.139899999992037,98.0818987929052,2643.0306620321444
9.149899999992014,98.08313217190356,2645.8264037976655
9.15989999999199,98.08436241559589,2648.622060987269
9.169899999991967,98.08558953344107,2651.4176337680688
9.179899999991944,98.08681353485962,2654.21312230669
9.18989999999192,98.08803442923414,2657.0085267692557
9.199899999991898,98.08925222590959,2659.803847321398
9.209899999991874,98.0904669341931,2662.5990841282523
9.219899999991851,98.09167856335434,2665.3942373544714
9.229899999991828,98.09288712262591,2668.1893071642116
9.239899999991804,98.0940926212033,2670.984293721156
9.249899999991781,98.09529506824494,2673.7791971884926
9.259899999991758,98.09649447287272,2676.5740177289285
9.269899999991734,98.09769084417212,2679.3687555046936
9.279899999991711,98.09888419119189,2682.1634106775396
9.289899999991688,98.1000745229452,2684.9579834087376
9.299899999991665,98.10126184840885,2687.752473859087
9.309899999991641,98.10244617652405,2690.546882188919
9.319899999991618,98.10362751619627,2693.3412085580853
9.329899999991595,98.10480587629567,2696.135453125975
9.339899999991571,98.10598126565712,2698.9296160515055
9.349899999991548,98.1071536930806,2701.7236974931343
9.359899999991525,98.10832316733085,2704.517697608847
9.369899999991501,98.10948969713812,2707.311616556173
9.379899999991478,98.11065329119788,2710.1054544921826
9.389899999991455,98.11181395817168,2712.8992115734836
9.399899999991431,98.11297170668628,2715.6928879562347
9.409899999991408,98.11412654533487,2718.486483796135
9.419899999991385,98.11527848267656,2721.2799992484265
9.429899999991362,98.11642752723678,2724.0734344679063
9.439899999991338,98.11757368750739,2726.866789608925
9.449899999991315,98.1187169719468,2729.660064825379
9.459899999991292,98.11985738898052,2732.453260270723
9.469899999991268,98.12099494700075,2735.2463760979635
9.479899999991245,98.12212965436689,2738.039412459669
9.489899999991222,98.12326151940555,2740.8323695079625
9.499899999991198,98.12439055041102,2743.6252473945337
9.509899999991175,98.12551675564463,2746.418046270632
9.519899999991152,98.1266401433361,2749.2107662870694
9.529899999991128,98.1277607216827,2752.0034075942244
9.539899999991105,98.12887849884994,2754.7959703420465
9.549899999991082,98.12999348297157,2757.588454680054
9.559899999991059,98.13110568214947,2760.3808607573305
9.569899999991035,98.13221510445423,2763.1731887225374
9.579899999991012,98.13332175792527,2765.9654387239134
9.589899999990989,98.13442565057083,2768.7576109092734
9.599899999990965,98.13552679036775,2771.5497054259986
9.609899999990942,98.13662518526243,2774.341722421058
9.619899999990919,98.1377208431703,2777.133662041005
9.629899999990895,98.13881377197652,2779.9255244319647
9.639899999990872,98.13990397953563,2782.7173097396535
9.649899999990849,98.14099147367193,2785.509018109376
9.659899999990825,98.14207626217984,2788.3006496860135
9.669899999990802,98.14315835282343,2791.0922046140468
9.679899999990779,98.144237753337,2793.8836830375403
9.689899999990756,98.1453144714254,2796.675085100155
9.699899999990732,98.14638851476374,2799.466410945141
9.709899999990709,98.147459890998,2802.257660715343
9.719899999990686,98.14852860774435,2805.0488345532053
9.729899999990662,98.14959467259058,2807.8399326007716
9.739899999990639,98.15065809309502,2810.630954999681
9.749899999990616,98.1517188767873,2813.42190189117
9.759899999990592,98.15277703116816,2816.212773416093
9.76989999999057,98.15383256371008,2819.003569714893
9.779899999990546,98.15488548185694,2821.794290927619
9.789899999990523,98.15593579302443,2824.5849371939366
9.7998999999905,98.15698350459982,2827.3755086531105
9.809899999990476,98.15802862394261,2830.16600544402
9.819899999990453,98.15907115838446,2832.956427705158
9.82989999999043,98.16011111522906,2835.746775574626
9.839899999990406,98.16114850175265,2838.5370491901413
9.849899999990383,98.16218332520384,2841.3272486890364
9.85989999999036,98.16321559280384,2844.117374208262
9.869899999990336,98.16424531174685,2846.907425884379
9.879899999990313,98.16527248919985,2849.697403853584
9.88989999999029,98.16629713230272,2852.4873082516892
9.899899999990266,98.16731924816864,2855.2771392141194
9.909899999990243,98.16833884388413,2858.066896875932
9.91989999999022,98.16935592650886,2860.8565813718155
9.929899999990196,98.17037050307624,2863.646192836072
9.939899999990173,98.1713825805932,2866.4357314026447
9.94989999999015,98.17239216604065,2869.225197205098
9.959899999990126,98.1733992663732,2872.0145903766265
9.969899999990103,98.17440388851935,2874.8039110500654
9.97989999999008,98.17540603938204,2877.593159357879
9.989899999990056,98.17640572583822,2880.3823354321657
9.999899999990033,98.17740295473962,2883.1714394046653
